order_year,order_month,year_month,total_revenue,total_cost_price,total_profit,least_revenue_month_of_the_year,least_revenue_of_the_year,highest_revenue_month_of_the_year,highest_revenue_of_the_year,previous_month_profit,month_over_month_growth_percentage
2019,1,2019-01,502.31000185012817,251.35421044909668,250.95579140103149,1,502.31000185012817,10,18593.050021767616,,
2019,2,2019-02,1876.6199979782104,913.57994017572048,963.04005780248986,1,502.31000185012817,10,18593.050021767616,250.95579140103149,283.75
2019,3,2019-03,3857.4599924087524,1852.2129779625002,2005.2470144462527,1,502.31000185012817,10,18593.050021767616,963.04005780248986,108.22
2019,4,2019-04,7712.10000038147,3671.2327195054604,4040.8672808760093,1,502.31000185012817,10,18593.050021767616,2005.2470144462527,101.51
2019,5,2019-05,9352.37997174263,4554.2652166734633,4798.1147550691667,1,502.31000185012817,10,18593.050021767616,4040.8672808760093,18.74
2019,6,2019-06,8422.97004032135,4073.3146614712682,4349.6553788500814,1,502.31000185012817,10,18593.050021767616,4798.1147550691667,-9.35
2019,7,2019-07,10964.420001029968,5172.79326428814,5791.6267367418286,1,502.31000185012817,10,18593.050021767616,4349.6553788500814,33.15
2019,8,2019-08,10848.330033779144,5157.40914854997,5690.9208852291731,1,502.31000185012817,10,18593.050021767616,5791.6267367418286,-1.74
2019,9,2019-09,10180.110008478165,4885.2279872239624,5294.8820212542023,1,502.31000185012817,10,18593.050021767616,5690.9208852291731,-6.96
2019,10,2019-10,18593.050021767616,8958.8116887721135,9634.238332995501,1,502.31000185012817,10,18593.050021767616,5294.8820212542023,81.95
2019,11,2019-11,15600.490040779114,7606.2401198802236,7994.24992089889,1,502.31000185012817,10,18593.050021767616,9634.238332995501,-17.02
2019,12,2019-12,15793.260015249252,7615.6204040585508,8177.6396111907006,1,502.31000185012817,10,18593.050021767616,7994.24992089889,2.29
2020,1,2020-01,20183.030019283295,9756.4750486702214,10426.554970613073,1,20183.030019283295,11,49195.699945926666,,
2020,2,2020-02,22984.660022258759,10957.321017471422,12027.339004787336,1,20183.030019283295,11,49195.699945926666,10426.554970613073,15.35
2020,3,2020-03,26206.870037317276,12726.471736284499,13480.398301032774,1,20183.030019283295,11,49195.699945926666,12027.339004787336,12.08
2020,4,2020-04,24213.290037155151,12056.509168910779,12156.780868244372,1,20183.030019283295,11,49195.699945926666,13480.398301032774,-9.82
2020,5,2020-05,26448.71001458168,12925.317284480403,13523.392730101277,1,20183.030019283295,11,49195.699945926666,12156.780868244372,11.24
2020,6,2020-06,33365.370061397552,15990.263555016169,17375.106506381388,1,20183.030019283295,11,49195.699945926666,13523.392730101277,28.48
2020,7,2020-07,35783.220051050186,17079.828887908247,18703.39116314194,1,20183.030019283295,11,49195.699945926666,17375.106506381388,7.64
2020,8,2020-08,39076.820019006729,18864.046510948952,20212.773508057777,1,20183.030019283295,11,49195.699945926666,18703.39116314194,8.07
2020,9,2020-09,41260.850028038025,19944.922856132405,21315.927171905616,1,20183.030019283295,11,49195.699945926666,20212.773508057777,5.46
2020,10,2020-10,37431.860091686249,17855.068575467005,19576.791516219244,1,20183.030019283295,11,49195.699945926666,21315.927171905616,-8.16
2020,11,2020-11,49195.699945926666,23397.74590787851,25797.954038048159,1,20183.030019283295,11,49195.699945926666,19576.791516219244,31.78
2020,12,2020-12,43532.110085010529,20917.329480276545,22614.780604733984,1,20183.030019283295,11,49195.699945926666,25797.954038048159,-12.34
2021,1,2021-01,48722.430022954941,23629.727824358404,25092.702198596544,2,43202.520033597946,12,71406.6600625515,,
2021,2,2021-02,43202.520033597946,21004.33791373438,22198.182119863559,2,43202.520033597946,12,71406.6600625515,25092.702198596544,-11.54
2021,3,2021-03,49852.230076551437,24183.5514870791,25668.678589472333,2,43202.520033597946,12,71406.6600625515,22198.182119863559,15.63
2021,4,2021-04,45310.040041446686,22237.635123857937,23072.404917588752,2,43202.520033597946,12,71406.6600625515,25668.678589472333,-10.11
2021,5,2021-05,62515.9100420475,29847.640660131681,32668.269381915819,2,43202.520033597946,12,71406.6600625515,23072.404917588752,41.59
2021,6,2021-06,58715.190045595169,28353.993626700369,30361.196418894793,2,43202.520033597946,12,71406.6600625515,32668.269381915819,-7.06
2021,7,2021-07,55492.800079107285,26617.321050033843,28875.479029073449,2,43202.520033597946,12,71406.6600625515,30361.196418894793,-4.89
2021,8,2021-08,60586.440086364746,29120.051557860814,31466.388528503929,2,43202.520033597946,12,71406.6600625515,28875.479029073449,8.97
2021,9,2021-09,60139.679997682571,29006.997923480274,31132.682074202294,2,43202.520033597946,12,71406.6600625515,31466.388528503929,-1.06
2021,10,2021-10,59213.320067763329,28727.469106633904,30485.850961129425,2,43202.520033597946,12,71406.6600625515,31132.682074202294,-2.08
2021,11,2021-11,68983.6899561882,33163.0914091867,35820.5985470015,2,43202.520033597946,12,71406.6600625515,30485.850961129425,17.5
2021,12,2021-12,71406.6600625515,34583.5007114612,36823.159351090289,2,43202.520033597946,12,71406.6600625515,35820.5985470015,2.8
2022,1,2022-01,78141.950101614,37773.15887077045,40368.791230843548,2,70190.049992799759,11,111681.64008188248,,
2022,2,2022-02,70190.049992799759,33623.805025993839,36566.244966805905,2,70190.049992799759,11,111681.64008188248,40368.791230843548,-9.42
2022,3,2022-03,80497.740032196045,38791.674250644675,41706.065781551377,2,70190.049992799759,11,111681.64008188248,36566.244966805905,14.06
2022,4,2022-04,84022.830086708069,40266.026009671376,43756.804077036686,2,70190.049992799759,11,111681.64008188248,41706.065781551377,4.92
2022,5,2022-05,89788.520076990128,42973.724749483044,46814.7953275071,2,70190.049992799759,11,111681.64008188248,43756.804077036686,6.99
2022,6,2022-06,85858.390127182,41433.979205213138,44424.410921968854,2,70190.049992799759,11,111681.64008188248,46814.7953275071,-5.11
2022,7,2022-07,90853.950126767159,43590.728752587434,47263.221374179717,2,70190.049992799759,11,111681.64008188248,44424.410921968854,6.39
2022,8,2022-08,98118.940126419067,47249.722154926421,50869.217971492646,2,70190.049992799759,11,111681.64008188248,47263.221374179717,7.63
2022,9,2022-09,96353.590065956116,46464.9680682461,49888.621997710026,2,70190.049992799759,11,111681.64008188248,50869.217971492646,-1.93
2022,10,2022-10,104209.94000196457,49777.583946105486,54432.356055859076,2,70190.049992799759,11,111681.64008188248,49888.621997710026,9.11
2022,11,2022-11,111681.64008188248,53649.369454027874,58032.270627854596,2,70190.049992799759,11,111681.64008188248,54432.356055859076,6.61
2022,12,2022-12,107400.24012303352,51721.072346554436,55679.16777647908,2,70190.049992799759,11,111681.64008188248,58032.270627854596,-4.05
2023,1,2023-01,119345.57011222839,57474.950716830128,61870.619395398251,2,112378.08004546165,10,171569.67016746476,,
2023,2,2023-02,112378.08004546165,54188.152472779751,58189.9275726819,2,112378.08004546165,10,171569.67016746476,61870.619395398251,-5.95
2023,3,2023-03,131051.32013249397,62872.769654512085,68178.550477981873,2,112378.08004546165,10,171569.67016746476,58189.9275726819,17.17
2023,4,2023-04,127829.25011467934,61107.190331433216,66722.0597832461,2,112378.08004546165,10,171569.67016746476,68178.550477981873,-2.14
2023,5,2023-05,132017.14017081261,63083.4875383706,68933.652632442,2,112378.08004546165,10,171569.67016746476,66722.0597832461,3.31
2023,6,2023-06,131450.41021180153,63416.179471177471,68034.230740624043,2,112378.08004546165,10,171569.67016746476,68933.652632442,-1.3
2023,7,2023-07,143846.90026893094,69260.440094294274,74586.460174636682,2,112378.08004546165,10,171569.67016746476,68034.230740624043,9.63
2023,8,2023-08,146474.62023687363,70578.6596133333,75895.960623540333,2,112378.08004546165,10,171569.67016746476,74586.460174636682,1.76
2023,9,2023-09,145809.03015875816,70489.4324530561,75319.597705702065,2,112378.08004546165,10,171569.67016746476,75895.960623540333,-0.76
2023,10,2023-10,171569.67016746476,82752.370935603583,88817.2992318612,2,112378.08004546165,10,171569.67016746476,75319.597705702065,17.92
2023,11,2023-11,159424.77003824711,76728.917311955738,82695.85272629137,2,112378.08004546165,10,171569.67016746476,88817.2992318612,-6.89
2023,12,2023-12,168454.21009588242,80953.409034309967,87500.801061572492,2,112378.08004546165,10,171569.67016746476,82695.85272629137,5.81
2024,1,2024-01,163568.44015123323,78867.354794187122,84701.0853570461,2,160751.16014039516,12,261362.31034135818,,
2024,2,2024-02,160751.16014039516,77253.17042932543,83497.989711069764,2,160751.16014039516,12,261362.31034135818,84701.0853570461,-1.42
2024,3,2024-03,195009.29016780853,93348.414059255781,101660.87610855271,2,160751.16014039516,12,261362.31034135818,83497.989711069764,21.75
2024,4,2024-04,186118.24017333984,89407.35916043492,96710.8810129049,2,160751.16014039516,12,261362.31034135818,101660.87610855271,-4.87
2024,5,2024-05,202376.59021019936,97317.010659120569,105059.57955107876,2,160751.16014039516,12,261362.31034135818,96710.8810129049,8.63
2024,6,2024-06,200179.70020532608,96184.242543839515,103995.45766148654,2,160751.16014039516,12,261362.31034135818,105059.57955107876,-1.01
2024,7,2024-07,212305.65008354187,101986.10289739397,110319.54718614787,2,160751.16014039516,12,261362.31034135818,103995.45766148654,6.08
2024,8,2024-08,231036.39022612572,111312.87692602217,119723.51330010354,2,160751.16014039516,12,261362.31034135818,110319.54718614787,8.52
2024,9,2024-09,223789.48038446903,108042.00812166468,115747.47226280437,2,160751.16014039516,12,261362.31034135818,119723.51330010354,-3.32
2024,10,2024-10,241421.2701690197,116685.10826435138,124736.16190466832,2,160751.16014039516,12,261362.31034135818,115747.47226280437,7.77
2024,11,2024-11,252194.94029462337,121317.07184172273,130877.8684529006,2,160751.16014039516,12,261362.31034135818,124736.16190466832,4.92
2024,12,2024-12,261362.31034135818,125193.49395894901,136168.81638240919,2,160751.16014039516,12,261362.31034135818,130877.8684529006,4.04
2025,1,2025-01,270673.68027021363,130244.93933954735,140428.74093066627,2,269515.27038657665,10,641277.910572052,,
2025,2,2025-02,269515.27038657665,130262.71731740334,139252.5530691733,2,269515.27038657665,10,641277.910572052,140428.74093066627,-0.84
2025,3,2025-03,310465.65041220188,148936.43473732675,161529.21567487504,2,269515.27038657665,10,641277.910572052,139252.5530691733,16
2025,4,2025-04,323809.1002613306,156080.66524627319,167728.43501505745,2,269515.27038657665,10,641277.910572052,161529.21567487504,3.84
2025,5,2025-05,341198.84010982513,164932.58863607317,176266.25147375191,2,269515.27038657665,10,641277.910572052,167728.43501505745,5.09
2025,6,2025-06,346043.730281353,166154.20601056473,179889.52427078821,2,269515.27038657665,10,641277.910572052,176266.25147375191,2.06
2025,7,2025-07,396987.99043607712,190645.63311735468,206342.35731872235,2,269515.27038657665,10,641277.910572052,179889.52427078821,14.71
2025,8,2025-08,445369.33046364784,214228.22623173249,231141.10423191544,2,269515.27038657665,10,641277.910572052,206342.35731872235,12.02
2025,9,2025-09,499634.05049490929,240069.19048194724,259564.86001296219,2,269515.27038657665,10,641277.910572052,231141.10423191544,12.3
2025,10,2025-10,641277.910572052,309782.80258146278,331495.10799058917,2,269515.27038657665,10,641277.910572052,259564.86001296219,27.71
2025,11,2025-11,445811.82056438923,214494.08417722833,231317.73638716093,2,269515.27038657665,10,641277.910572052,331495.10799058917,-30.22
